{
  "id": "4420918",
  "name": "boke",
  "font_family": "iconfont",
  "css_prefix_text": "icon-",
  "description": "",
  "glyphs": [
    {
      "icon_id": "3734350",
      "name": "2侧边栏",
      "font_class": "cebianlan",
      "unicode": "e606",
      "unicode_decimal": 58886
    },
    {
      "icon_id": "29387687",
      "name": "奇幻",
      "font_class": "qihuan",
      "unicode": "e604",
      "unicode_decimal": 58884
    },
    {
      "icon_id": "1436793",
      "name": "骑士",
      "font_class": "qishi",
      "unicode": "e603",
      "unicode_decimal": 58883
    },
    {
      "icon_id": "15378838",
      "name": "steam",
      "font_class": "steam",
      "unicode": "ecc3",
      "unicode_decimal": 60611
    },
    {
      "icon_id": "26267561",
      "name": "discord",
      "font_class": "discord",
      "unicode": "e60b",
      "unicode_decimal": 58891
    },
    {
      "icon_id": "26267623",
      "name": "steam",
      "font_class": "steam1",
      "unicode": "e610",
      "unicode_decimal": 58896
    },
    {
      "icon_id": "652963",
      "name": "bilibili",
      "font_class": "bilibili-copy",
      "unicode": "e601",
      "unicode_decimal": 58881
    },
    {
      "icon_id": "3876518",
      "name": "github",
      "font_class": "github1",
      "unicode": "e677",
      "unicode_decimal": 58999
    },
    {
      "icon_id": "15577170",
      "name": "bilibili",
      "font_class": "bilibili",
      "unicode": "e602",
      "unicode_decimal": 58882
    },
    {
      "icon_id": "1469225",
      "name": "github",
      "font_class": "github",
      "unicode": "e85a",
      "unicode_decimal": 59482
    },
    {
      "icon_id": "3893821",
      "name": "爱好",
      "font_class": "aihao",
      "unicode": "e612",
      "unicode_decimal": 58898
    },
    {
      "icon_id": "4303825",
      "name": "二次元",
      "font_class": "erciyuan",
      "unicode": "e600",
      "unicode_decimal": 58880
    },
    {
      "icon_id": "23316833",
      "name": "Minimize 3",
      "font_class": "a-Minimize3",
      "unicode": "e95a",
      "unicode_decimal": 59738
    },
    {
      "icon_id": "23316867",
      "name": "Save 1",
      "font_class": "a-Save1",
      "unicode": "e95b",
      "unicode_decimal": 59739
    },
    {
      "icon_id": "23316868",
      "name": "File",
      "font_class": "File",
      "unicode": "e95c",
      "unicode_decimal": 59740
    },
    {
      "icon_id": "23316816",
      "name": "Down",
      "font_class": "Down",
      "unicode": "e954",
      "unicode_decimal": 59732
    },
    {
      "icon_id": "23316843",
      "name": "Left",
      "font_class": "Left",
      "unicode": "e955",
      "unicode_decimal": 59733
    },
    {
      "icon_id": "23316874",
      "name": "Right",
      "font_class": "Right",
      "unicode": "e956",
      "unicode_decimal": 59734
    },
    {
      "icon_id": "23316875",
      "name": "Up",
      "font_class": "Up",
      "unicode": "e957",
      "unicode_decimal": 59735
    },
    {
      "icon_id": "23316877",
      "name": "Search",
      "font_class": "Search",
      "unicode": "e958",
      "unicode_decimal": 59736
    },
    {
      "icon_id": "23316887",
      "name": "Home",
      "font_class": "Home",
      "unicode": "e959",
      "unicode_decimal": 59737
    }
  ]
}
